,Arm ID,Point number,Move duration,Success,Manipulability - mu,Manipulability - jacobian,Manipulability - cur pose,Manipulability - roni,Mid joint proximity,Max Mid joint proximity,Sum Mid joint proximity,Sum Mid joint proximity- all joints
0,_roll_z_0_1_pitch_y_0_1_pitch_x_0_5_pitch_y_0_7,1,1.0272550582885742,False,,,,,,,,
1,_roll_z_0_1_pitch_y_0_1_pitch_x_0_5_pitch_y_0_7,2,1.00423002243042,False,,,,,,,,
2,_roll_z_0_1_pitch_y_0_1_pitch_x_0_5_pitch_y_0_7,3,1.0062189102172852,False,,,,,,,,
3,_roll_z_0_1_pitch_y_0_1_pitch_x_0_5_pitch_y_0_7,4,1.0119819641113281,False,,,,,,,,
4,_roll_z_0_1_pitch_y_0_1_pitch_x_0_5_pitch_y_0_7,5,1.0132379531860352,False,,,,,,,,
5,_roll_z_0_1_pitch_y_0_1_pitch_x_0_5_pitch_y_0_7,6,1.0062391757965088,False,,,,,,,,
6,_roll_z_0_1_pitch_y_0_1_pitch_x_0_5_pitch_y_0_7,7,1.041071891784668,False,,,,,,,,
7,_roll_z_0_1_pitch_y_0_1_pitch_x_0_5_pitch_y_0_7,8,1.0107510089874268,False,,,,,,,,
8,_roll_z_0_1_pitch_y_0_1_pitch_x_0_5_pitch_y_0_7,9,1.0043261051177979,False,,,,,,,,
9,_roll_z_0_1_pitch_y_0_1_pitch_x_0_5_pitch_y_0_7,10,4.535984992980957,False,,,,,,,,
0,_roll_z_0_1_pitch_y_0_1_pitch_x_0_5_pitch_y_0_7,1,1.0450491905212402,False,,,,,,,,
1,_roll_z_0_1_pitch_y_0_1_pitch_x_0_5_pitch_y_0_7,2,1.0146830081939697,False,,,,,,,,
2,_roll_z_0_1_pitch_y_0_1_pitch_x_0_5_pitch_y_0_7,3,1.0069141387939453,False,,,,,,,,
3,_roll_z_0_1_pitch_y_0_1_pitch_x_0_5_pitch_y_0_7,4,1.021881103515625,False,,,,,,,,
4,_roll_z_0_1_pitch_y_0_1_pitch_x_0_5_pitch_y_0_7,5,1.0059340000152588,False,,,,,,,,
5,_roll_z_0_1_pitch_y_0_1_pitch_x_0_5_pitch_y_0_7,6,1.0155699253082275,False,,,,,,,,
6,_roll_z_0_1_pitch_y_0_1_pitch_x_0_5_pitch_y_0_7,7,1.036836862564087,False,,,,,,,,
7,_roll_z_0_1_pitch_y_0_1_pitch_x_0_5_pitch_y_0_7,8,1.010369062423706,False,,,,,,,,
8,_roll_z_0_1_pitch_y_0_1_pitch_x_0_5_pitch_y_0_7,9,1.013988971710205,False,,,,,,,,
9,_roll_z_0_1_pitch_y_0_1_pitch_x_0_5_pitch_y_0_7,10,4.441879034042358,False,,,,,,,,
0,_roll_z_0_1_pitch_y_0_1_pitch_x_0_5_pitch_y_0_7,1,1.047680139541626,False,,,,,,,,
1,_roll_z_0_1_pitch_y_0_1_pitch_x_0_5_pitch_y_0_7,2,1.0201010704040527,False,,,,,,,,
2,_roll_z_0_1_pitch_y_0_1_pitch_x_0_5_pitch_y_0_7,3,1.0414152145385742,False,,,,,,,,
3,_roll_z_0_1_pitch_y_0_1_pitch_x_0_5_pitch_y_0_7,4,1.007317066192627,False,,,,,,,,
4,_roll_z_0_1_pitch_y_0_1_pitch_x_0_5_pitch_y_0_7,5,1.0238850116729736,False,,,,,,,,
5,_roll_z_0_1_pitch_y_0_1_pitch_x_0_5_pitch_y_0_7,6,1.0114290714263916,False,,,,,,,,
6,_roll_z_0_1_pitch_y_0_1_pitch_x_0_5_pitch_y_0_7,7,1.0408151149749756,False,,,,,,,,
7,_roll_z_0_1_pitch_y_0_1_pitch_x_0_5_pitch_y_0_7,8,1.0104990005493164,False,,,,,,,,
8,_roll_z_0_1_pitch_y_0_1_pitch_x_0_5_pitch_y_0_7,9,1.0075631141662598,False,,,,,,,,
9,_roll_z_0_1_pitch_y_0_1_pitch_x_0_5_pitch_y_0_7,10,4.541093826293945,False,,,,,,,,
0,_roll_z_0_1_pitch_y_0_1_pitch_x_0_5_roll_x_0_7,1,1.0310211181640625,False,,,,,,,,
1,_roll_z_0_1_pitch_y_0_1_pitch_x_0_5_roll_x_0_7,2,1.0251209735870361,False,,,,,,,,
2,_roll_z_0_1_pitch_y_0_1_pitch_x_0_5_roll_x_0_7,3,1.009394884109497,False,,,,,,,,
3,_roll_z_0_1_pitch_y_0_1_pitch_x_0_5_roll_x_0_7,4,1.0196919441223145,False,,,,,,,,
4,_roll_z_0_1_pitch_y_0_1_pitch_x_0_5_roll_x_0_7,5,1.0335679054260254,False,,,,,,,,
5,_roll_z_0_1_pitch_y_0_1_pitch_x_0_5_roll_x_0_7,6,1.0102038383483887,False,,,,,,,,
6,_roll_z_0_1_pitch_y_0_1_pitch_x_0_5_roll_x_0_7,7,1.0315749645233154,False,,,,,,,,
7,_roll_z_0_1_pitch_y_0_1_pitch_x_0_5_roll_x_0_7,8,1.029055118560791,False,,,,,,,,
8,_roll_z_0_1_pitch_y_0_1_pitch_x_0_5_roll_x_0_7,9,1.01979398727417,False,,,,,,,,
9,_roll_z_0_1_pitch_y_0_1_pitch_x_0_5_roll_x_0_7,10,1.0345709323883057,False,,,,,,,,
0,_roll_z_0_1_pitch_y_0_1_pitch_x_0_7_roll_x_0_5,1,1.0252909660339355,False,,,,,,,,
1,_roll_z_0_1_pitch_y_0_1_pitch_x_0_7_roll_x_0_5,2,1.0285530090332031,False,,,,,,,,
2,_roll_z_0_1_pitch_y_0_1_pitch_x_0_7_roll_x_0_5,3,1.0374600887298584,False,,,,,,,,
3,_roll_z_0_1_pitch_y_0_1_pitch_x_0_7_roll_x_0_5,4,1.028641939163208,False,,,,,,,,
4,_roll_z_0_1_pitch_y_0_1_pitch_x_0_7_roll_x_0_5,5,1.0295610427856445,False,,,,,,,,
5,_roll_z_0_1_pitch_y_0_1_pitch_x_0_7_roll_x_0_5,6,1.020622968673706,False,,,,,,,,
6,_roll_z_0_1_pitch_y_0_1_pitch_x_0_7_roll_x_0_5,7,1.0242822170257568,False,,,,,,,,
7,_roll_z_0_1_pitch_y_0_1_pitch_x_0_7_roll_x_0_5,8,1.0291271209716797,False,,,,,,,,
8,_roll_z_0_1_pitch_y_0_1_pitch_x_0_7_roll_x_0_5,9,1.0389258861541748,False,,,,,,,,
9,_roll_z_0_1_pitch_y_0_1_pitch_x_0_7_roll_x_0_5,10,1.0169198513031006,False,,,,,,,,
0,_roll_z_0_1_pitch_y_0_1_pitch_x_0_7_roll_y_0_5,1,1.043921947479248,False,,,,,,,,
1,_roll_z_0_1_pitch_y_0_1_pitch_x_0_7_roll_y_0_5,2,1.0247879028320312,False,,,,,,,,
2,_roll_z_0_1_pitch_y_0_1_pitch_x_0_7_roll_y_0_5,3,1.0527338981628418,False,,,,,,,,
3,_roll_z_0_1_pitch_y_0_1_pitch_x_0_7_roll_y_0_5,4,1.0217180252075195,False,,,,,,,,
4,_roll_z_0_1_pitch_y_0_1_pitch_x_0_7_roll_y_0_5,5,1.0211961269378662,False,,,,,,,,
5,_roll_z_0_1_pitch_y_0_1_pitch_x_0_7_roll_y_0_5,6,1.0356559753417969,False,,,,,,,,
6,_roll_z_0_1_pitch_y_0_1_pitch_x_0_7_roll_y_0_5,7,1.02006196975708,False,,,,,,,,
7,_roll_z_0_1_pitch_y_0_1_pitch_x_0_7_roll_y_0_5,8,1.0269739627838135,False,,,,,,,,
8,_roll_z_0_1_pitch_y_0_1_pitch_x_0_7_roll_y_0_5,9,1.0132839679718018,False,,,,,,,,
9,_roll_z_0_1_pitch_y_0_1_pitch_x_0_7_roll_y_0_5,10,1.0330679416656494,False,,,,,,,,
0,_roll_z_0_1_pitch_y_0_1_pitch_y_0_5_roll_y_0_7,1,1.042954921722412,False,,,,,,,,
1,_roll_z_0_1_pitch_y_0_1_pitch_y_0_5_roll_y_0_7,2,1.030029058456421,False,,,,,,,,
2,_roll_z_0_1_pitch_y_0_1_pitch_y_0_5_roll_y_0_7,3,1.021028995513916,False,,,,,,,,
3,_roll_z_0_1_pitch_y_0_1_pitch_y_0_5_roll_y_0_7,4,1.0172419548034668,False,,,,,,,,
4,_roll_z_0_1_pitch_y_0_1_pitch_y_0_5_roll_y_0_7,5,1.014423131942749,False,,,,,,,,
5,_roll_z_0_1_pitch_y_0_1_pitch_y_0_5_roll_y_0_7,6,1.0149400234222412,False,,,,,,,,
6,_roll_z_0_1_pitch_y_0_1_pitch_y_0_5_roll_y_0_7,7,1.0205910205841064,False,,,,,,,,
7,_roll_z_0_1_pitch_y_0_1_pitch_y_0_5_roll_y_0_7,8,1.0298268795013428,False,,,,,,,,
8,_roll_z_0_1_pitch_y_0_1_pitch_y_0_5_roll_y_0_7,9,1.0136151313781738,False,,,,,,,,
9,_roll_z_0_1_pitch_y_0_1_pitch_y_0_5_roll_y_0_7,10,1.036125898361206,False,,,,,,,,
0,_roll_z_0_1_pitch_y_0_1_pitch_x_0_5_roll_x_0_7,1,1.0313429832458496,False,,,,,,,,
1,_roll_z_0_1_pitch_y_0_1_pitch_x_0_5_roll_x_0_7,2,1.037795066833496,False,,,,,,,,
2,_roll_z_0_1_pitch_y_0_1_pitch_x_0_5_roll_x_0_7,3,1.013127088546753,False,,,,,,,,
3,_roll_z_0_1_pitch_y_0_1_pitch_x_0_5_roll_x_0_7,4,1.016136884689331,False,,,,,,,,
4,_roll_z_0_1_pitch_y_0_1_pitch_x_0_5_roll_x_0_7,5,1.0308539867401123,False,,,,,,,,
5,_roll_z_0_1_pitch_y_0_1_pitch_x_0_5_roll_x_0_7,6,1.9277920722961426,False,,,,,,,,
6,_roll_z_0_1_pitch_y_0_1_pitch_x_0_5_roll_x_0_7,7,5.412101745605469e-05,False,,,,,,,,
7,_roll_z_0_1_pitch_y_0_1_pitch_x_0_5_roll_x_0_7,8,0.00011110305786132812,False,,,,,,,,
8,_roll_z_0_1_pitch_y_0_1_pitch_x_0_5_roll_x_0_7,9,0.00010895729064941406,False,,,,,,,,
9,_roll_z_0_1_pitch_y_0_1_pitch_x_0_5_roll_x_0_7,10,0.00011205673217773438,False,,,,,,,,
0,_roll_z_0_1_pitch_y_0_1_pitch_x_0_7_roll_y_0_5,1,1.0260381698608398,False,,,,,,,,
1,_roll_z_0_1_pitch_y_0_1_pitch_x_0_7_roll_y_0_5,2,1.0100781917572021,False,,,,,,,,
2,_roll_z_0_1_pitch_y_0_1_pitch_x_0_7_roll_y_0_5,3,1.0174047946929932,False,,,,,,,,
3,_roll_z_0_1_pitch_y_0_1_pitch_x_0_7_roll_y_0_5,4,1.0187981128692627,False,,,,,,,,
4,_roll_z_0_1_pitch_y_0_1_pitch_x_0_7_roll_y_0_5,5,1.881230115890503,False,,,,,,,,
5,_roll_z_0_1_pitch_y_0_1_pitch_x_0_7_roll_y_0_5,6,4.220008850097656e-05,False,,,,,,,,
6,_roll_z_0_1_pitch_y_0_1_pitch_x_0_7_roll_y_0_5,7,0.00011587142944335938,False,,,,,,,,
7,_roll_z_0_1_pitch_y_0_1_pitch_x_0_7_roll_y_0_5,8,6.914138793945312e-05,False,,,,,,,,
8,_roll_z_0_1_pitch_y_0_1_pitch_x_0_7_roll_y_0_5,9,0.00011420249938964844,False,,,,,,,,
9,_roll_z_0_1_pitch_y_0_1_pitch_x_0_7_roll_y_0_5,10,0.00011682510375976562,False,,,,,,,,
0,_roll_z_0_1_pitch_y_0_1_pitch_x_0_7_roll_y_0_5,1,1.0308189392089844,False,,,,,,,,
1,_roll_z_0_1_pitch_y_0_1_pitch_x_0_7_roll_y_0_5,2,1.0124828815460205,False,,,,,,,,
2,_roll_z_0_1_pitch_y_0_1_pitch_x_0_7_roll_y_0_5,3,1.0410029888153076,False,,,,,,,,
3,_roll_z_0_1_pitch_y_0_1_pitch_x_0_7_roll_y_0_5,4,1.0294899940490723,False,,,,,,,,
4,_roll_z_0_1_pitch_y_0_1_pitch_x_0_7_roll_y_0_5,5,1.0256321430206299,False,,,,,,,,
5,_roll_z_0_1_pitch_y_0_1_pitch_x_0_7_roll_y_0_5,6,1.005964994430542,False,,,,,,,,
6,_roll_z_0_1_pitch_y_0_1_pitch_x_0_7_roll_y_0_5,7,1.0087668895721436,False,,,,,,,,
7,_roll_z_0_1_pitch_y_0_1_pitch_x_0_7_roll_y_0_5,8,1.0446228981018066,False,,,,,,,,
8,_roll_z_0_1_pitch_y_0_1_pitch_x_0_7_roll_y_0_5,9,1.0238380432128906,False,,,,,,,,
9,_roll_z_0_1_pitch_y_0_1_pitch_x_0_7_roll_y_0_5,10,1.0191349983215332,False,,,,,,,,
0,_roll_z_0_1_pitch_y_0_1_pitch_x_0_7_roll_y_0_5,1,1.0388901233673096,False,,,,,,,,
1,_roll_z_0_1_pitch_y_0_1_pitch_x_0_7_roll_y_0_5,2,1.025277853012085,False,,,,,,,,
2,_roll_z_0_1_pitch_y_0_1_pitch_x_0_7_roll_y_0_5,3,1.0285978317260742,False,,,,,,,,
3,_roll_z_0_1_pitch_y_0_1_pitch_x_0_7_roll_y_0_5,4,1.0435669422149658,False,,,,,,,,
4,_roll_z_0_1_pitch_y_0_1_pitch_x_0_7_roll_y_0_5,5,1.0149669647216797,False,,,,,,,,
5,_roll_z_0_1_pitch_y_0_1_pitch_x_0_7_roll_y_0_5,6,1.029304027557373,False,,,,,,,,
6,_roll_z_0_1_pitch_y_0_1_pitch_x_0_7_roll_y_0_5,7,1.033207893371582,False,,,,,,,,
7,_roll_z_0_1_pitch_y_0_1_pitch_x_0_7_roll_y_0_5,8,1.0277230739593506,False,,,,,,,,
8,_roll_z_0_1_pitch_y_0_1_pitch_x_0_7_roll_y_0_5,9,1.02878999710083,False,,,,,,,,
9,_roll_z_0_1_pitch_y_0_1_pitch_x_0_7_roll_y_0_5,10,1.011380910873413,False,,,,,,,,
0,_roll_z_0_1_pitch_y_0_1_pitch_y_0_5_roll_y_0_7,1,1.0114569664001465,False,,,,,,,,
1,_roll_z_0_1_pitch_y_0_1_pitch_y_0_5_roll_y_0_7,2,1.022942066192627,False,,,,,,,,
2,_roll_z_0_1_pitch_y_0_1_pitch_y_0_5_roll_y_0_7,3,1.0158190727233887,False,,,,,,,,
3,_roll_z_0_1_pitch_y_0_1_pitch_y_0_5_roll_y_0_7,4,1.02382493019104,False,,,,,,,,
4,_roll_z_0_1_pitch_y_0_1_pitch_y_0_5_roll_y_0_7,5,1.0353598594665527,False,,,,,,,,
5,_roll_z_0_1_pitch_y_0_1_pitch_y_0_5_roll_y_0_7,6,1.0118310451507568,False,,,,,,,,
6,_roll_z_0_1_pitch_y_0_1_pitch_y_0_5_roll_y_0_7,7,1.0274860858917236,False,,,,,,,,
7,_roll_z_0_1_pitch_y_0_1_pitch_y_0_5_roll_y_0_7,8,1.0308630466461182,False,,,,,,,,
8,_roll_z_0_1_pitch_y_0_1_pitch_y_0_5_roll_y_0_7,9,1.0108981132507324,False,,,,,,,,
9,_roll_z_0_1_pitch_y_0_1_pitch_y_0_5_roll_y_0_7,10,1.0172240734100342,False,,,,,,,,
0,_roll_z_0_1_pitch_y_0_1_pitch_y_0_7_pris_y_0_5,1,1.044651985168457,False,,,,,,,,
1,_roll_z_0_1_pitch_y_0_1_pitch_y_0_7_pris_y_0_5,2,1.0254888534545898,False,,,,,,,,
2,_roll_z_0_1_pitch_y_0_1_pitch_y_0_7_pris_y_0_5,3,1.0410640239715576,False,,,,,,,,
3,_roll_z_0_1_pitch_y_0_1_pitch_y_0_7_pris_y_0_5,4,1.0198919773101807,False,,,,,,,,
4,_roll_z_0_1_pitch_y_0_1_pitch_y_0_7_pris_y_0_5,5,1.0335381031036377,False,,,,,,,,
5,_roll_z_0_1_pitch_y_0_1_pitch_y_0_7_pris_y_0_5,6,1.022784948348999,False,,,,,,,,
6,_roll_z_0_1_pitch_y_0_1_pitch_y_0_7_pris_y_0_5,7,1.0174551010131836,False,,,,,,,,
7,_roll_z_0_1_pitch_y_0_1_pitch_y_0_7_pris_y_0_5,8,1.0190069675445557,False,,,,,,,,
8,_roll_z_0_1_pitch_y_0_1_pitch_y_0_7_pris_y_0_5,9,1.0126800537109375,False,,,,,,,,
9,_roll_z_0_1_pitch_y_0_1_pitch_y_0_7_pris_y_0_5,10,1.0375399589538574,False,,,,,,,,
0,_roll_z_0_1_pitch_y_0_1_pitch_z_0_7_pitch_y_0_5,1,1.0267188549041748,False,,,,,,,,
1,_roll_z_0_1_pitch_y_0_1_pitch_z_0_7_pitch_y_0_5,2,1.0187759399414062,False,,,,,,,,
2,_roll_z_0_1_pitch_y_0_1_pitch_z_0_7_pitch_y_0_5,3,1.034041166305542,False,,,,,,,,
3,_roll_z_0_1_pitch_y_0_1_pitch_z_0_7_pitch_y_0_5,4,6.84897518157959,False,,,,,,,,
4,_roll_z_0_1_pitch_y_0_1_pitch_z_0_7_pitch_y_0_5,5,1.0240449905395508,False,,,,,,,,
5,_roll_z_0_1_pitch_y_0_1_pitch_z_0_7_pitch_y_0_5,6,6.959559202194214,False,,,,,,,,
6,_roll_z_0_1_pitch_y_0_1_pitch_z_0_7_pitch_y_0_5,7,6.8342978954315186,False,,,,,,,,
7,_roll_z_0_1_pitch_y_0_1_pitch_z_0_7_pitch_y_0_5,8,1.0356791019439697,False,,,,,,,,
8,_roll_z_0_1_pitch_y_0_1_pitch_z_0_7_pitch_y_0_5,9,1.005746841430664,False,,,,,,,,
9,_roll_z_0_1_pitch_y_0_1_pitch_z_0_7_pitch_y_0_5,10,6.042752027511597,False,,,,,,,,
0,_roll_z_0_1_pitch_y_0_1_pitch_z_0_7_roll_y_0_5,1,1.0401279926300049,False,,,,,,,,
1,_roll_z_0_1_pitch_y_0_1_pitch_z_0_7_roll_y_0_5,2,1.0334548950195312,False,,,,,,,,
2,_roll_z_0_1_pitch_y_0_1_pitch_z_0_7_roll_y_0_5,3,1.0182278156280518,False,,,,,,,,
3,_roll_z_0_1_pitch_y_0_1_pitch_z_0_7_roll_y_0_5,4,1.0227720737457275,False,,,,,,,,
4,_roll_z_0_1_pitch_y_0_1_pitch_z_0_7_roll_y_0_5,5,1.0088069438934326,False,,,,,,,,
5,_roll_z_0_1_pitch_y_0_1_pitch_z_0_7_roll_y_0_5,6,1.009099006652832,False,,,,,,,,
6,_roll_z_0_1_pitch_y_0_1_pitch_z_0_7_roll_y_0_5,7,1.009836196899414,False,,,,,,,,
7,_roll_z_0_1_pitch_y_0_1_pitch_z_0_7_roll_y_0_5,8,1.0137939453125,False,,,,,,,,
8,_roll_z_0_1_pitch_y_0_1_pitch_z_0_7_roll_y_0_5,9,1.0245370864868164,False,,,,,,,,
9,_roll_z_0_1_pitch_y_0_1_pitch_z_0_7_roll_y_0_5,10,1.0333092212677002,False,,,,,,,,
0,_roll_z_0_1_pitch_y_0_1_pris_y_0_7_pitch_z_0_5,1,1.0395331382751465,False,,,,,,,,
1,_roll_z_0_1_pitch_y_0_1_pris_y_0_7_pitch_z_0_5,2,1.0336849689483643,False,,,,,,,,
2,_roll_z_0_1_pitch_y_0_1_pris_y_0_7_pitch_z_0_5,3,1.0276567935943604,False,,,,,,,,
3,_roll_z_0_1_pitch_y_0_1_pris_y_0_7_pitch_z_0_5,4,1.0095229148864746,False,,,,,,,,
4,_roll_z_0_1_pitch_y_0_1_pris_y_0_7_pitch_z_0_5,5,1.0216190814971924,False,,,,,,,,
5,_roll_z_0_1_pitch_y_0_1_pris_y_0_7_pitch_z_0_5,6,4.438140153884888,True,0.099,"[[ 0.00000000e+00  7.12232190e-02  1.12494060e-02  9.99625986e-01
   1.39467214e-02]
 [ 1.00000000e+00  8.69223853e-01 -4.11196200e-01  2.73475256e-02
  -5.09790367e-01]
 [ 0.00000000e+00  0.00000000e+00 -9.49677022e-02 -3.44974049e-12
   4.38980716e-03]
 [ 0.00000000e+00  0.00000000e+00  9.99625986e-01  0.00000000e+00
   9.99625986e-01]
 [ 0.00000000e+00  0.00000000e+00  2.73475256e-02  0.00000000e+00
   2.73475256e-02]
 [ 0.00000000e+00  1.00000000e+00 -1.44401439e-18  0.00000000e+00
  -1.93707702e-16]]",[ 0.08240091 -1.54344539  2.35252534  0.03795097 -2.36113291  1.54898772],0,[0.099 0.03  0.07  0.099 0.071],0.099,0.24,0.36900000000000005
6,_roll_z_0_1_pitch_y_0_1_pris_y_0_7_pitch_z_0_5,7,2.4374167919158936,True,0.099,"[[ 0.00000000e+00  7.43008877e-01 -2.99248371e-01  7.59040945e-01
  -3.32019252e-01]
 [ 1.00000000e+00  6.72433191e-01 -3.48889098e-01 -6.51042889e-01
  -3.87096167e-01]
 [ 0.00000000e+00  0.00000000e+00 -1.26191312e-01 -1.76025861e-12
   4.44669593e-03]
 [ 0.00000000e+00  0.00000000e+00  7.59040945e-01  0.00000000e+00
   7.59040945e-01]
 [ 0.00000000e+00  0.00000000e+00 -6.51042889e-01  0.00000000e+00
  -6.51042889e-01]
 [ 0.00000000e+00  1.00000000e+00  1.77762608e-17  0.00000000e+00
   0.00000000e+00]]",[ 0.73814377 -2.27975391  1.93857411  0.16513497 -1.94729323  2.28281843],0,[0.    0.066 0.048 0.035 0.048],0.048,0.131,0.197
7,_roll_z_0_1_pitch_y_0_1_pris_y_0_7_pitch_z_0_5,8,2.3361268043518066,True,0.126,"[[ 0.00000000e+00  6.03645845e-01 -2.23105521e-01  8.97683655e-01
  -2.24715018e-01]
 [ 1.00000000e+00  9.00371309e-01 -4.54516045e-01 -4.40640505e-01
  -4.57794952e-01]
 [ 0.00000000e+00  0.00000000e+00 -1.45142940e-01 -1.27842181e-13
  -5.19059727e-03]
 [ 0.00000000e+00  0.00000000e+00  8.97683655e-01  0.00000000e+00
   8.97683655e-01]
 [ 0.00000000e+00  0.00000000e+00 -4.40640505e-01  0.00000000e+00
  -4.40640505e-01]
 [ 0.00000000e+00  1.00000000e+00  0.00000000e+00  0.00000000e+00
   0.00000000e+00]]",[ 0.58487707 -2.02710838  1.59688951  0.24523942 -1.58671169  2.02918862],0,[0.006 0.052 0.032 0.011 0.032],0.032,0.075,0.133
8,_roll_z_0_1_pitch_y_0_1_pris_y_0_7_pitch_z_0_5,9,2.335887908935547,True,0.122,"[[ 0.00000000e+00  5.68368629e-01 -2.09978116e-01  9.26090111e-01
  -1.92414615e-01]
 [ 1.00000000e+00  1.03160924e+00 -5.15392039e-01 -3.77302407e-01
  -4.72282364e-01]
 [ 0.00000000e+00  0.00000000e+00 -1.37131919e-01  1.62814900e-12
  -5.09753186e-03]
 [ 0.00000000e+00  0.00000000e+00  9.26090111e-01  0.00000000e+00
   9.26090111e-01]
 [ 0.00000000e+00  0.00000000e+00 -3.77302407e-01  0.00000000e+00
  -3.77302407e-01]
 [ 0.00000000e+00  1.00000000e+00  0.00000000e+00  0.00000000e+00
   3.12250226e-17]]",[ 0.57912452 -1.957678    1.23184169  0.34080996 -1.22184636  1.95456273],0,[0.006 0.049 0.019 0.    0.019],0.019,0.038,0.093
9,_roll_z_0_1_pitch_y_0_1_pris_y_0_7_pitch_z_0_5,10,1.923853874206543,True,0.076,"[[ 0.00000000e+00  8.49106544e-01 -4.55228670e-01  6.08459055e-01
  -4.04703826e-01]
 [ 1.00000000e+00  5.01005523e-01 -3.49033705e-01 -7.93585268e-01
  -3.10295210e-01]
 [ 0.00000000e+00  0.00000000e+00 -1.19055963e-01  2.22716290e-12
   5.62991884e-03]
 [ 0.00000000e+00  0.00000000e+00  6.08459055e-01  0.00000000e+00
   6.08459055e-01]
 [ 0.00000000e+00  0.00000000e+00 -7.93585268e-01  0.00000000e+00
  -7.93585268e-01]
 [ 0.00000000e+00  1.00000000e+00 -4.03777329e-17  0.00000000e+00
   0.00000000e+00]]",[ 0.80378072 -2.48747526  1.09869233  0.14967979 -1.10973161  2.4820086 ],0,[0.001 0.078 0.015 0.041 0.016],0.041,0.07200000000000001,0.15100000000000002
0,_roll_z_0_1_pitch_y_0_3_pitch_y_0_7_pitch_y_0_7,1,1.0251259803771973,False,,,,,,,,
1,_roll_z_0_1_pitch_y_0_3_pitch_y_0_7_pitch_y_0_7,2,1.019995927810669,False,,,,,,,,
2,_roll_z_0_1_pitch_y_0_3_pitch_y_0_7_pitch_y_0_7,3,1.0208978652954102,False,,,,,,,,
3,_roll_z_0_1_pitch_y_0_3_pitch_y_0_7_pitch_y_0_7,4,4.33697509765625,False,,,,,,,,
4,_roll_z_0_1_pitch_y_0_3_pitch_y_0_7_pitch_y_0_7,5,1.0136899948120117,False,,,,,,,,
5,_roll_z_0_1_pitch_y_0_3_pitch_y_0_7_pitch_y_0_7,6,2.234158992767334,False,,,,,,,,
6,_roll_z_0_1_pitch_y_0_3_pitch_y_0_7_pitch_y_0_7,7,3.3411741256713867,False,,,,,,,,
7,_roll_z_0_1_pitch_y_0_3_pitch_y_0_7_pitch_y_0_7,8,2.9248929023742676,False,,,,,,,,
8,_roll_z_0_1_pitch_y_0_3_pitch_y_0_7_pitch_y_0_7,9,2.7432069778442383,False,,,,,,,,
9,_roll_z_0_1_pitch_y_0_3_pitch_y_0_7_pitch_y_0_7,10,3.638622999191284,True,0.1,"[[ 0.00000000e+00 -2.64831000e-02  5.20142876e-01  2.71771767e-01
   6.35007049e-01]
 [ 1.00000000e+00  5.15002490e-01 -2.60066628e-01 -1.35883371e-01
  -3.17497652e-01]
 [ 0.00000000e+00  0.00000000e+00 -4.48790507e-01 -5.62326013e-01
   7.82868769e-03]
 [ 0.00000000e+00  0.00000000e+00  4.47206979e-01  4.47206979e-01
   4.47206979e-01]
 [ 0.00000000e+00  0.00000000e+00  8.94430499e-01  8.94430499e-01
   8.94430499e-01]
 [ 0.00000000e+00  1.00000000e+00  2.61441084e-16  2.55930505e-17
   0.00000000e+00]]",[ 0.01250731 -0.46364021 -0.38812299  2.57783722 -2.20074078  0.46824609],0,[0.121 0.003 0.002 0.084 0.061],0.084,0.14700000000000002,0.271
0,_roll_z_0_1_pitch_y_0_3_pitch_y_0_7_pitch_z_0_7,1,1.0403268337249756,False,,,,,,,,
1,_roll_z_0_1_pitch_y_0_3_pitch_y_0_7_pitch_z_0_7,2,1.0329880714416504,False,,,,,,,,
2,_roll_z_0_1_pitch_y_0_3_pitch_y_0_7_pitch_z_0_7,3,1.0305159091949463,False,,,,,,,,
3,_roll_z_0_1_pitch_y_0_3_pitch_y_0_7_pitch_z_0_7,4,1.0306499004364014,False,,,,,,,,
4,_roll_z_0_1_pitch_y_0_3_pitch_y_0_7_pitch_z_0_7,5,1.024393081665039,False,,,,,,,,
5,_roll_z_0_1_pitch_y_0_3_pitch_y_0_7_pitch_z_0_7,6,1.0216989517211914,False,,,,,,,,
6,_roll_z_0_1_pitch_y_0_3_pitch_y_0_7_pitch_z_0_7,7,5.063077926635742,False,,,,,,,,
7,_roll_z_0_1_pitch_y_0_3_pitch_y_0_7_pitch_z_0_7,8,6.4571309089660645,False,,,,,,,,
8,_roll_z_0_1_pitch_y_0_3_pitch_y_0_7_pitch_z_0_7,9,2.525029182434082,False,,,,,,,,
9,_roll_z_0_1_pitch_y_0_3_pitch_y_0_7_pitch_z_0_7,10,2.7307889461517334,False,,,,,,,,
0,_roll_z_0_1_pitch_y_0_3_pitch_y_0_7_pris_x_0_3,1,1.0118019580841064,False,,,,,,,,
1,_roll_z_0_1_pitch_y_0_3_pitch_y_0_7_pris_x_0_3,2,1.0411651134490967,False,,,,,,,,
2,_roll_z_0_1_pitch_y_0_3_pitch_y_0_7_pris_x_0_3,3,1.0395050048828125,False,,,,,,,,
3,_roll_z_0_1_pitch_y_0_3_pitch_y_0_7_pris_x_0_3,4,1.0270891189575195,False,,,,,,,,
4,_roll_z_0_1_pitch_y_0_3_pitch_y_0_7_pris_x_0_3,5,4.3524229526519775,False,,,,,,,,
5,_roll_z_0_1_pitch_y_0_3_pitch_y_0_7_pris_x_0_3,6,1.0336170196533203,False,,,,,,,,
6,_roll_z_0_1_pitch_y_0_3_pitch_y_0_7_pris_x_0_3,7,1.0196819305419922,False,,,,,,,,
7,_roll_z_0_1_pitch_y_0_3_pitch_y_0_7_pris_x_0_3,8,3.841028928756714,False,,,,,,,,
8,_roll_z_0_1_pitch_y_0_3_pitch_y_0_7_pris_x_0_3,9,2.736156940460205,False,,,,,,,,
9,_roll_z_0_1_pitch_y_0_3_pitch_y_0_7_pris_x_0_3,10,3.8259670734405518,True,0.166,"[[ 0.00000000e+00  4.38091688e-02  5.23025369e-01  3.59267129e-01
  -9.40868196e-03]
 [ 1.00000000e+00  5.21017537e-01 -2.41965075e-01 -1.66206273e-01
   4.35269982e-03]
 [ 0.00000000e+00  0.00000000e+00 -4.91261150e-01 -7.30935601e-01
   9.99946264e-01]
 [ 0.00000000e+00  0.00000000e+00  4.19871623e-01  4.19871623e-01
   0.00000000e+00]
 [ 0.00000000e+00  0.00000000e+00  9.07583506e-01  9.07583506e-01
   0.00000000e+00]
 [ 0.00000000e+00  1.00000000e+00  0.00000000e+00  3.68068450e-17
   0.00000000e+00]]",[ 0.0409002  -0.43330387 -0.92548879  2.48591819  0.07825153  0.43995647],0,[0.112 0.002 0.011 0.078 0.029],0.078,0.118,0.232
0,_roll_z_0_1_pitch_y_0_3_pitch_y_0_7_pris_y_0_7,1,1.0499119758605957,False,,,,,,,,
1,_roll_z_0_1_pitch_y_0_3_pitch_y_0_7_pris_y_0_7,2,1.0100078582763672,False,,,,,,,,
2,_roll_z_0_1_pitch_y_0_3_pitch_y_0_7_pris_y_0_7,3,1.015578031539917,False,,,,,,,,
3,_roll_z_0_1_pitch_y_0_3_pitch_y_0_7_pris_y_0_7,4,1.0244901180267334,False,,,,,,,,
4,_roll_z_0_1_pitch_y_0_3_pitch_y_0_7_pris_y_0_7,5,1.0450358390808105,False,,,,,,,,
5,_roll_z_0_1_pitch_y_0_3_pitch_y_0_7_pris_y_0_7,6,1.0243229866027832,False,,,,,,,,
6,_roll_z_0_1_pitch_y_0_3_pitch_y_0_7_pris_y_0_7,7,1.0476889610290527,False,,,,,,,,
7,_roll_z_0_1_pitch_y_0_3_pitch_y_0_7_pris_y_0_7,8,1.0030999183654785,False,,,,,,,,
8,_roll_z_0_1_pitch_y_0_3_pitch_y_0_7_pris_y_0_7,9,1.028860092163086,False,,,,,,,,
9,_roll_z_0_1_pitch_y_0_3_pitch_y_0_7_pris_y_0_7,10,1.015476942062378,False,,,,,,,,
0,_roll_z_0_1_pitch_y_0_3_pitch_y_0_7_roll_y_0_7,1,1.0373280048370361,False,,,,,,,,
1,_roll_z_0_1_pitch_y_0_3_pitch_y_0_7_roll_y_0_7,2,1.0372569561004639,False,,,,,,,,
2,_roll_z_0_1_pitch_y_0_3_pitch_y_0_7_roll_y_0_7,3,1.0276639461517334,False,,,,,,,,
3,_roll_z_0_1_pitch_y_0_3_pitch_y_0_7_roll_y_0_7,4,1.0141220092773438,False,,,,,,,,
4,_roll_z_0_1_pitch_y_0_3_pitch_y_0_7_roll_y_0_7,5,1.025515079498291,False,,,,,,,,
5,_roll_z_0_1_pitch_y_0_3_pitch_y_0_7_roll_y_0_7,6,1.027113914489746,False,,,,,,,,
6,_roll_z_0_1_pitch_y_0_3_pitch_y_0_7_roll_y_0_7,7,1.0262420177459717,False,,,,,,,,
7,_roll_z_0_1_pitch_y_0_3_pitch_y_0_7_roll_y_0_7,8,1.0107250213623047,False,,,,,,,,
8,_roll_z_0_1_pitch_y_0_3_pitch_y_0_7_roll_y_0_7,9,1.003788948059082,False,,,,,,,,
9,_roll_z_0_1_pitch_y_0_3_pitch_y_0_7_roll_y_0_7,10,1.007594108581543,False,,,,,,,,
0,_roll_z_0_1_pitch_y_0_1_pitch_x_0_7_roll_y_0_5,1,1.0348899364471436,False,,,,,,,,
1,_roll_z_0_1_pitch_y_0_1_pitch_x_0_7_roll_y_0_5,2,1.0189540386199951,False,,,,,,,,
2,_roll_z_0_1_pitch_y_0_1_pitch_x_0_7_roll_y_0_5,3,1.0162420272827148,False,,,,,,,,
3,_roll_z_0_1_pitch_y_0_1_pitch_x_0_7_roll_y_0_5,4,1.0286648273468018,False,,,,,,,,
4,_roll_z_0_1_pitch_y_0_1_pitch_x_0_7_roll_y_0_5,5,1.024730920791626,False,,,,,,,,
5,_roll_z_0_1_pitch_y_0_1_pitch_x_0_7_roll_y_0_5,6,1.029822826385498,False,,,,,,,,
6,_roll_z_0_1_pitch_y_0_1_pitch_x_0_7_roll_y_0_5,7,1.0388331413269043,False,,,,,,,,
7,_roll_z_0_1_pitch_y_0_1_pitch_x_0_7_roll_y_0_5,8,1.0179948806762695,False,,,,,,,,
8,_roll_z_0_1_pitch_y_0_1_pitch_x_0_7_roll_y_0_5,9,1.0255110263824463,False,,,,,,,,
9,_roll_z_0_1_pitch_y_0_1_pitch_x_0_7_roll_y_0_5,10,1.0359721183776855,False,,,,,,,,
0,_roll_z_0_1_pitch_y_0_1_pitch_y_0_5_roll_y_0_7,1,1.0302951335906982,False,,,,,,,,
1,_roll_z_0_1_pitch_y_0_1_pitch_y_0_5_roll_y_0_7,2,1.0450849533081055,False,,,,,,,,
2,_roll_z_0_1_pitch_y_0_1_pitch_y_0_5_roll_y_0_7,3,1.0301170349121094,False,,,,,,,,
3,_roll_z_0_1_pitch_y_0_1_pitch_y_0_5_roll_y_0_7,4,1.0377881526947021,False,,,,,,,,
4,_roll_z_0_1_pitch_y_0_1_pitch_y_0_5_roll_y_0_7,5,1.0230422019958496,False,,,,,,,,
5,_roll_z_0_1_pitch_y_0_1_pitch_y_0_5_roll_y_0_7,6,1.0229270458221436,False,,,,,,,,
6,_roll_z_0_1_pitch_y_0_1_pitch_y_0_5_roll_y_0_7,7,1.029369831085205,False,,,,,,,,
7,_roll_z_0_1_pitch_y_0_1_pitch_y_0_5_roll_y_0_7,8,1.0108630657196045,False,,,,,,,,
8,_roll_z_0_1_pitch_y_0_1_pitch_y_0_5_roll_y_0_7,9,1.0068349838256836,False,,,,,,,,
9,_roll_z_0_1_pitch_y_0_1_pitch_y_0_5_roll_y_0_7,10,1.0375168323516846,False,,,,,,,,
0,_roll_z_0_1_pitch_y_0_1_pitch_x_0_7_roll_y_0_5,1,1.0387768745422363,False,,,,,,,,
1,_roll_z_0_1_pitch_y_0_1_pitch_x_0_7_roll_y_0_5,2,1.0281569957733154,False,,,,,,,,
2,_roll_z_0_1_pitch_y_0_1_pitch_x_0_7_roll_y_0_5,3,1.0271289348602295,False,,,,,,,,
3,_roll_z_0_1_pitch_y_0_1_pitch_x_0_7_roll_y_0_5,4,1.0357120037078857,False,,,,,,,,
4,_roll_z_0_1_pitch_y_0_1_pitch_x_0_7_roll_y_0_5,5,1.015038013458252,False,,,,,,,,
5,_roll_z_0_1_pitch_y_0_1_pitch_x_0_7_roll_y_0_5,6,1.024163007736206,False,,,,,,,,
6,_roll_z_0_1_pitch_y_0_1_pitch_x_0_7_roll_y_0_5,7,1.034135103225708,False,,,,,,,,
7,_roll_z_0_1_pitch_y_0_1_pitch_x_0_7_roll_y_0_5,8,1.026155948638916,False,,,,,,,,
8,_roll_z_0_1_pitch_y_0_1_pitch_x_0_7_roll_y_0_5,9,1.0130958557128906,False,,,,,,,,
9,_roll_z_0_1_pitch_y_0_1_pitch_x_0_7_roll_y_0_5,10,1.0138041973114014,False,,,,,,,,
0,_roll_z_0_1_pitch_y_0_1_pitch_y_0_5_roll_y_0_7,1,1.044222116470337,False,,,,,,,,
1,_roll_z_0_1_pitch_y_0_1_pitch_y_0_5_roll_y_0_7,2,1.0310420989990234,False,,,,,,,,
2,_roll_z_0_1_pitch_y_0_1_pitch_y_0_5_roll_y_0_7,3,1.012092113494873,False,,,,,,,,
3,_roll_z_0_1_pitch_y_0_1_pitch_y_0_5_roll_y_0_7,4,1.0090930461883545,False,,,,,,,,
4,_roll_z_0_1_pitch_y_0_1_pitch_y_0_5_roll_y_0_7,5,1.0221219062805176,False,,,,,,,,
5,_roll_z_0_1_pitch_y_0_1_pitch_y_0_5_roll_y_0_7,6,1.042301893234253,False,,,,,,,,
6,_roll_z_0_1_pitch_y_0_1_pitch_y_0_5_roll_y_0_7,7,1.008620023727417,False,,,,,,,,
7,_roll_z_0_1_pitch_y_0_1_pitch_y_0_5_roll_y_0_7,8,1.0091578960418701,False,,,,,,,,
8,_roll_z_0_1_pitch_y_0_1_pitch_y_0_5_roll_y_0_7,9,1.0402629375457764,False,,,,,,,,
9,_roll_z_0_1_pitch_y_0_1_pitch_y_0_5_roll_y_0_7,10,1.0151150226593018,False,,,,,,,,
0,_roll_z_0_1_pitch_y_0_1_pitch_y_0_7_pris_y_0_5,1,1.0257139205932617,False,,,,,,,,
1,_roll_z_0_1_pitch_y_0_1_pitch_y_0_7_pris_y_0_5,2,1.0329179763793945,False,,,,,,,,
2,_roll_z_0_1_pitch_y_0_1_pitch_y_0_7_pris_y_0_5,3,1.0206022262573242,False,,,,,,,,
3,_roll_z_0_1_pitch_y_0_1_pitch_y_0_7_pris_y_0_5,4,1.0277948379516602,False,,,,,,,,
4,_roll_z_0_1_pitch_y_0_1_pitch_y_0_7_pris_y_0_5,5,1.0416491031646729,False,,,,,,,,
5,_roll_z_0_1_pitch_y_0_1_pitch_y_0_7_pris_y_0_5,6,1.0249419212341309,False,,,,,,,,
6,_roll_z_0_1_pitch_y_0_1_pitch_y_0_7_pris_y_0_5,7,1.0219299793243408,False,,,,,,,,
7,_roll_z_0_1_pitch_y_0_1_pitch_y_0_7_pris_y_0_5,8,1.0355799198150635,False,,,,,,,,
8,_roll_z_0_1_pitch_y_0_1_pitch_y_0_7_pris_y_0_5,9,1.0386691093444824,False,,,,,,,,
9,_roll_z_0_1_pitch_y_0_1_pitch_y_0_7_pris_y_0_5,10,1.0097918510437012,False,,,,,,,,
0,_roll_z_0_1_pitch_y_0_1_pitch_z_0_7_pitch_y_0_5,1,1.0060789585113525,False,,,,,,,,
1,_roll_z_0_1_pitch_y_0_1_pitch_z_0_7_pitch_y_0_5,2,1.0243480205535889,False,,,,,,,,
2,_roll_z_0_1_pitch_y_0_1_pitch_z_0_7_pitch_y_0_5,3,1.0287749767303467,False,,,,,,,,
3,_roll_z_0_1_pitch_y_0_1_pitch_z_0_7_pitch_y_0_5,4,5.645132064819336,False,,,,,,,,
4,_roll_z_0_1_pitch_y_0_1_pitch_z_0_7_pitch_y_0_5,5,1.0237488746643066,False,,,,,,,,
5,_roll_z_0_1_pitch_y_0_1_pitch_z_0_7_pitch_y_0_5,6,6.960565805435181,False,,,,,,,,
6,_roll_z_0_1_pitch_y_0_1_pitch_z_0_7_pitch_y_0_5,7,6.845008134841919,False,,,,,,,,
7,_roll_z_0_1_pitch_y_0_1_pitch_z_0_7_pitch_y_0_5,8,1.0095789432525635,False,,,,,,,,
8,_roll_z_0_1_pitch_y_0_1_pitch_z_0_7_pitch_y_0_5,9,1.020533800125122,False,,,,,,,,
9,_roll_z_0_1_pitch_y_0_1_pitch_z_0_7_pitch_y_0_5,10,8.9637610912323,False,,,,,,,,
0,_roll_z_0_1_pitch_y_0_1_pitch_z_0_7_roll_y_0_5,1,1.029304027557373,False,,,,,,,,
1,_roll_z_0_1_pitch_y_0_1_pitch_z_0_7_roll_y_0_5,2,1.023550033569336,False,,,,,,,,
2,_roll_z_0_1_pitch_y_0_1_pitch_z_0_7_roll_y_0_5,3,1.0183179378509521,False,,,,,,,,
3,_roll_z_0_1_pitch_y_0_1_pitch_z_0_7_roll_y_0_5,4,1.0243330001831055,False,,,,,,,,
4,_roll_z_0_1_pitch_y_0_1_pitch_z_0_7_roll_y_0_5,5,1.019516944885254,False,,,,,,,,
5,_roll_z_0_1_pitch_y_0_1_pitch_z_0_7_roll_y_0_5,6,1.0114500522613525,False,,,,,,,,
6,_roll_z_0_1_pitch_y_0_1_pitch_z_0_7_roll_y_0_5,7,1.0196669101715088,False,,,,,,,,
7,_roll_z_0_1_pitch_y_0_1_pitch_z_0_7_roll_y_0_5,8,1.0103001594543457,False,,,,,,,,
8,_roll_z_0_1_pitch_y_0_1_pitch_z_0_7_roll_y_0_5,9,1.0246188640594482,False,,,,,,,,
9,_roll_z_0_1_pitch_y_0_1_pitch_z_0_7_roll_y_0_5,10,1.0093469619750977,False,,,,,,,,
0,_roll_z_0_1_pitch_y_0_1_pris_y_0_7_pitch_z_0_5,1,1.0364110469818115,False,,,,,,,,
1,_roll_z_0_1_pitch_y_0_1_pris_y_0_7_pitch_z_0_5,2,1.027338981628418,False,,,,,,,,
2,_roll_z_0_1_pitch_y_0_1_pris_y_0_7_pitch_z_0_5,3,1.0143699645996094,False,,,,,,,,
3,_roll_z_0_1_pitch_y_0_1_pris_y_0_7_pitch_z_0_5,4,1.0176920890808105,False,,,,,,,,
4,_roll_z_0_1_pitch_y_0_1_pris_y_0_7_pitch_z_0_5,5,1.0400800704956055,False,,,,,,,,
5,_roll_z_0_1_pitch_y_0_1_pris_y_0_7_pitch_z_0_5,6,4.331640958786011,True,0.102,"[[ 0.00000000e+00  5.96130533e-01 -2.00717274e-01  8.84418762e-01
  -2.38002390e-01]
 [ 1.00000000e+00  8.72560567e-01 -3.80373556e-01 -4.66694175e-01
  -4.51031511e-01]
 [ 0.00000000e+00  0.00000000e+00 -1.20010094e-01 -2.79434809e-12
  -5.04369232e-03]
 [ 0.00000000e+00  0.00000000e+00  8.84418762e-01  0.00000000e+00
   8.84418762e-01]
 [ 0.00000000e+00  0.00000000e+00 -4.66694175e-01  0.00000000e+00
  -4.66694175e-01]
 [ 0.00000000e+00  1.00000000e+00  0.00000000e+00  0.00000000e+00
   0.00000000e+00]]",[ 0.60916043 -2.05634555  2.17810191  0.22091958 -2.16821216  2.04784505],0,[0.004 0.054 0.06  0.017 0.06 ],0.06,0.137,0.195
6,_roll_z_0_1_pitch_y_0_1_pris_y_0_7_pitch_z_0_5,7,2.037841796875,True,0.103,"[[ 0.00000000e+00  6.48838461e-01 -2.73133298e-01  8.00286590e-01
  -3.05793199e-01]
 [ 1.00000000e+00  6.58371836e-01 -3.64540472e-01 -5.99617690e-01
  -4.08130381e-01]
 [ 0.00000000e+00  0.00000000e+00 -1.24485320e-01 -1.90514271e-12
   4.48464063e-03]
 [ 0.00000000e+00  0.00000000e+00  8.00286590e-01  0.00000000e+00
   8.00286590e-01]
 [ 0.00000000e+00  0.00000000e+00 -5.99617690e-01  0.00000000e+00
  -5.99617690e-01]
 [ 0.00000000e+00  1.00000000e+00 -3.39141913e-17  0.00000000e+00
   0.00000000e+00]]",[ 0.6189989  -2.21381963  1.97040323  0.08694117 -1.97919675  2.21297404],0,[0.004 0.062 0.049 0.071 0.05 ],0.071,0.16999999999999998,0.236
7,_roll_z_0_1_pitch_y_0_1_pris_y_0_7_pitch_z_0_5,8,2.7375731468200684,True,0.116,"[[ 0.00000000e+00  7.49845834e-01 -2.86560473e-01  8.49419036e-01
  -2.69119704e-01]
 [ 1.00000000e+00  9.38309775e-01 -4.61249148e-01 -5.27718960e-01
  -4.33176401e-01]
 [ 0.00000000e+00  0.00000000e+00 -1.41769467e-01  1.15546461e-12
  -5.72631036e-03]
 [ 0.00000000e+00  0.00000000e+00  8.49419036e-01  0.00000000e+00
   8.49419036e-01]
 [ 0.00000000e+00  0.00000000e+00 -5.27718960e-01  0.00000000e+00
  -5.27718960e-01]
 [ 0.00000000e+00  1.00000000e+00  1.71538726e-17  0.00000000e+00
  -4.44089210e-16]]",[ 0.75762663 -2.12670923  1.33248009  0.36372605 -1.32125179  2.118646  ],0,[0.    0.057 0.022 0.    0.022],0.022,0.044,0.101
8,_roll_z_0_1_pitch_y_0_1_pris_y_0_7_pitch_z_0_5,9,1.836751937866211,True,0.113,"[[ 0.00000000e+00  6.94211097e-01 -2.74734025e-01  8.72995069e-01
  -2.48735547e-01]
 [ 1.00000000e+00  9.69738660e-01 -4.91751428e-01 -4.87729033e-01
  -4.45216280e-01]
 [ 0.00000000e+00  0.00000000e+00 -1.33073165e-01  1.86461957e-12
  -3.61831165e-03]
 [ 0.00000000e+00  0.00000000e+00  8.72995069e-01  0.00000000e+00
   8.72995069e-01]
 [ 0.00000000e+00  0.00000000e+00 -4.87729033e-01  0.00000000e+00
  -4.87729033e-01]
 [ 0.00000000e+00  1.00000000e+00 -3.83235443e-17  0.00000000e+00
  -8.32667268e-17]]",[ 0.72121029 -2.08028283  1.18018778  0.35616398 -1.17309299  2.08286091],0,[0.    0.055 0.018 0.    0.017],0.018,0.035,0.09
9,_roll_z_0_1_pitch_y_0_1_pris_y_0_7_pitch_z_0_5,10,1.71641206741333,True,0.083,"[[ 0.00000000e+00  8.33593955e-01 -4.32626605e-01  6.39474804e-01
  -3.92081393e-01]
 [ 1.00000000e+00  5.30023908e-01 -3.59845832e-01 -7.68812054e-01
  -3.26121541e-01]
 [ 0.00000000e+00  0.00000000e+00 -1.25573562e-01  1.84463556e-12
   4.11359254e-03]
 [ 0.00000000e+00  0.00000000e+00  6.39474804e-01  0.00000000e+00
   6.39474804e-01]
 [ 0.00000000e+00  0.00000000e+00 -7.68812054e-01  0.00000000e+00
  -7.68812054e-01]
 [ 0.00000000e+00  1.00000000e+00  0.00000000e+00  0.00000000e+00
  -1.30104261e-18]]",[ 0.8040935  -2.44777771  1.18456904  0.15081402 -1.192635    2.45528771],0,[0.001 0.076 0.018 0.04  0.018],0.04,0.076,0.153
0,_roll_z_0_1_pitch_y_0_3_pitch_y_0_7_pitch_y_0_7,1,1.024791955947876,False,,,,,,,,
1,_roll_z_0_1_pitch_y_0_3_pitch_y_0_7_pitch_y_0_7,2,4.754839897155762,False,,,,,,,,
2,_roll_z_0_1_pitch_y_0_3_pitch_y_0_7_pitch_y_0_7,3,1.0285630226135254,False,,,,,,,,
3,_roll_z_0_1_pitch_y_0_3_pitch_y_0_7_pitch_y_0_7,4,3.640994071960449,False,,,,,,,,
4,_roll_z_0_1_pitch_y_0_3_pitch_y_0_7_pitch_y_0_7,5,1.0190198421478271,False,,,,,,,,
5,_roll_z_0_1_pitch_y_0_3_pitch_y_0_7_pitch_y_0_7,6,2.4231789112091064,False,,,,,,,,
6,_roll_z_0_1_pitch_y_0_3_pitch_y_0_7_pitch_y_0_7,7,3.1334259510040283,False,,,,,,,,
7,_roll_z_0_1_pitch_y_0_3_pitch_y_0_7_pitch_y_0_7,8,2.8348069190979004,False,,,,,,,,
8,_roll_z_0_1_pitch_y_0_3_pitch_y_0_7_pitch_y_0_7,9,2.5538179874420166,False,,,,,,,,
9,_roll_z_0_1_pitch_y_0_3_pitch_y_0_7_pitch_y_0_7,10,3.638239860534668,True,0.095,"[[ 0.00000000e+00  9.21093478e-03  4.87304034e-01  2.45031022e-01
   6.13064576e-01]
 [ 1.00000000e+00  5.19363226e-01 -2.84641478e-01 -1.43126236e-01
  -3.58100066e-01]
 [ 0.00000000e+00  0.00000000e+00 -4.53108157e-01 -5.59302432e-01
  -4.02092225e-03]
 [ 0.00000000e+00  0.00000000e+00  5.04374379e-01  5.04374379e-01
   5.04374379e-01]
 [ 0.00000000e+00  0.00000000e+00  8.63485081e-01  8.63485081e-01
   8.63485081e-01]
 [ 0.00000000e+00  1.00000000e+00  0.00000000e+00  1.18166814e-16
   5.55111512e-17]]",[ 0.0264061  -0.52865728 -0.36182421  2.58727347 -2.21978596  0.52133842],0,[0.116 0.004 0.002 0.085 0.062],0.085,0.14900000000000002,0.269
0,_roll_z_0_1_pitch_y_0_3_pitch_y_0_7_pitch_z_0_7,1,1.0214698314666748,False,,,,,,,,
1,_roll_z_0_1_pitch_y_0_3_pitch_y_0_7_pitch_z_0_7,2,1.0325231552124023,False,,,,,,,,
2,_roll_z_0_1_pitch_y_0_3_pitch_y_0_7_pitch_z_0_7,3,1.0268170833587646,False,,,,,,,,
3,_roll_z_0_1_pitch_y_0_3_pitch_y_0_7_pitch_z_0_7,4,1.0229558944702148,False,,,,,,,,
4,_roll_z_0_1_pitch_y_0_3_pitch_y_0_7_pitch_z_0_7,5,1.005415916442871,False,,,,,,,,
5,_roll_z_0_1_pitch_y_0_3_pitch_y_0_7_pitch_z_0_7,6,1.013084888458252,False,,,,,,,,
6,_roll_z_0_1_pitch_y_0_3_pitch_y_0_7_pitch_z_0_7,7,4.948666095733643,False,,,,,,,,
7,_roll_z_0_1_pitch_y_0_3_pitch_y_0_7_pitch_z_0_7,8,2.315481185913086,False,,,,,,,,
8,_roll_z_0_1_pitch_y_0_3_pitch_y_0_7_pitch_z_0_7,9,2.238806962966919,False,,,,,,,,
9,_roll_z_0_1_pitch_y_0_3_pitch_y_0_7_pitch_z_0_7,10,2.6309289932250977,False,,,,,,,,
0,_roll_z_0_1_pitch_y_0_3_pitch_y_0_7_pris_x_0_3,1,1.0132019519805908,False,,,,,,,,
1,_roll_z_0_1_pitch_y_0_3_pitch_y_0_7_pris_x_0_3,2,1.0257549285888672,False,,,,,,,,
2,_roll_z_0_1_pitch_y_0_3_pitch_y_0_7_pris_x_0_3,3,4.742511987686157,False,,,,,,,,
3,_roll_z_0_1_pitch_y_0_3_pitch_y_0_7_pris_x_0_3,4,1.0142109394073486,False,,,,,,,,
4,_roll_z_0_1_pitch_y_0_3_pitch_y_0_7_pris_x_0_3,5,2.2420828342437744,False,,,,,,,,
5,_roll_z_0_1_pitch_y_0_3_pitch_y_0_7_pris_x_0_3,6,1.0099267959594727,False,,,,,,,,
6,_roll_z_0_1_pitch_y_0_3_pitch_y_0_7_pris_x_0_3,7,1.0247390270233154,False,,,,,,,,
7,_roll_z_0_1_pitch_y_0_3_pitch_y_0_7_pris_x_0_3,8,4.05314302444458,False,,,,,,,,
8,_roll_z_0_1_pitch_y_0_3_pitch_y_0_7_pris_x_0_3,9,2.2335519790649414,False,,,,,,,,
9,_roll_z_0_1_pitch_y_0_3_pitch_y_0_7_pris_x_0_3,10,3.8266799449920654,True,0.154,"[[ 0.00000000e+00  9.77644679e-02  4.98368829e-01  3.46003677e-01
  -8.77215151e-03]
 [ 1.00000000e+00  5.11601637e-01 -2.98488637e-01 -2.07232395e-01
   5.25391516e-03]
 [ 0.00000000e+00  0.00000000e+00 -4.89135080e-01 -7.30914233e-01
   9.99947722e-01]
 [ 0.00000000e+00  0.00000000e+00  5.13821385e-01  5.13821385e-01
   0.00000000e+00]
 [ 0.00000000e+00  0.00000000e+00  8.57897187e-01  8.57897187e-01
   0.00000000e+00]
 [ 0.00000000e+00  1.00000000e+00  0.00000000e+00 -1.57721520e-17
   0.00000000e+00]]",[ 0.12318221 -0.53963324 -0.93724557  2.49781654  0.08582121  0.54674888],0,[0.087 0.004 0.011 0.079 0.023],0.079,0.11299999999999999,0.204
0,_roll_z_0_1_pitch_y_0_3_pitch_y_0_7_pris_y_0_7,1,1.044847011566162,False,,,,,,,,
1,_roll_z_0_1_pitch_y_0_3_pitch_y_0_7_pris_y_0_7,2,1.0262260437011719,False,,,,,,,,
2,_roll_z_0_1_pitch_y_0_3_pitch_y_0_7_pris_y_0_7,3,1.0308520793914795,False,,,,,,,,
3,_roll_z_0_1_pitch_y_0_3_pitch_y_0_7_pris_y_0_7,4,1.023197889328003,False,,,,,,,,
4,_roll_z_0_1_pitch_y_0_3_pitch_y_0_7_pris_y_0_7,5,1.0327661037445068,False,,,,,,,,
5,_roll_z_0_1_pitch_y_0_3_pitch_y_0_7_pris_y_0_7,6,1.0416038036346436,False,,,,,,,,
6,_roll_z_0_1_pitch_y_0_3_pitch_y_0_7_pris_y_0_7,7,1.027698040008545,False,,,,,,,,
7,_roll_z_0_1_pitch_y_0_3_pitch_y_0_7_pris_y_0_7,8,1.0255861282348633,False,,,,,,,,
8,_roll_z_0_1_pitch_y_0_3_pitch_y_0_7_pris_y_0_7,9,1.0320940017700195,False,,,,,,,,
9,_roll_z_0_1_pitch_y_0_3_pitch_y_0_7_pris_y_0_7,10,1.0220978260040283,False,,,,,,,,
0,_roll_z_0_1_pitch_y_0_3_pitch_y_0_7_roll_y_0_7,1,1.0159671306610107,False,,,,,,,,
1,_roll_z_0_1_pitch_y_0_3_pitch_y_0_7_roll_y_0_7,2,1.0324630737304688,False,,,,,,,,
2,_roll_z_0_1_pitch_y_0_3_pitch_y_0_7_roll_y_0_7,3,1.0178980827331543,False,,,,,,,,
3,_roll_z_0_1_pitch_y_0_3_pitch_y_0_7_roll_y_0_7,4,1.0226531028747559,False,,,,,,,,
4,_roll_z_0_1_pitch_y_0_3_pitch_y_0_7_roll_y_0_7,5,1.01338791847229,False,,,,,,,,
5,_roll_z_0_1_pitch_y_0_3_pitch_y_0_7_roll_y_0_7,6,1.0296459197998047,False,,,,,,,,
6,_roll_z_0_1_pitch_y_0_3_pitch_y_0_7_roll_y_0_7,7,1.0152249336242676,False,,,,,,,,
7,_roll_z_0_1_pitch_y_0_3_pitch_y_0_7_roll_y_0_7,8,1.0086610317230225,False,,,,,,,,
8,_roll_z_0_1_pitch_y_0_3_pitch_y_0_7_roll_y_0_7,9,1.007533073425293,False,,,,,,,,
9,_roll_z_0_1_pitch_y_0_3_pitch_y_0_7_roll_y_0_7,10,1.040714979171753,False,,,,,,,,
0,_roll_z_0_1_pitch_y_0_1_pitch_x_0_7_roll_y_0_5,1,1.0282909870147705,False,,,,,,,,
1,_roll_z_0_1_pitch_y_0_1_pitch_x_0_7_roll_y_0_5,2,1.0297749042510986,False,,,,,,,,
2,_roll_z_0_1_pitch_y_0_1_pitch_x_0_7_roll_y_0_5,3,1.0369420051574707,False,,,,,,,,
3,_roll_z_0_1_pitch_y_0_1_pitch_x_0_7_roll_y_0_5,4,1.0242431163787842,False,,,,,,,,
4,_roll_z_0_1_pitch_y_0_1_pitch_x_0_7_roll_y_0_5,5,1.045992136001587,False,,,,,,,,
5,_roll_z_0_1_pitch_y_0_1_pitch_x_0_7_roll_y_0_5,6,1.0459480285644531,False,,,,,,,,
6,_roll_z_0_1_pitch_y_0_1_pitch_x_0_7_roll_y_0_5,7,1.0391740798950195,False,,,,,,,,
7,_roll_z_0_1_pitch_y_0_1_pitch_x_0_7_roll_y_0_5,8,1.0335679054260254,False,,,,,,,,
8,_roll_z_0_1_pitch_y_0_1_pitch_x_0_7_roll_y_0_5,9,1.022063970565796,False,,,,,,,,
9,_roll_z_0_1_pitch_y_0_1_pitch_x_0_7_roll_y_0_5,10,1.030014991760254,False,,,,,,,,
0,_roll_z_0_1_pitch_y_0_1_pitch_y_0_5_roll_y_0_7,1,1.0469810962677002,False,,,,,,,,
1,_roll_z_0_1_pitch_y_0_1_pitch_y_0_5_roll_y_0_7,2,1.0312108993530273,False,,,,,,,,
2,_roll_z_0_1_pitch_y_0_1_pitch_y_0_5_roll_y_0_7,3,1.0225138664245605,False,,,,,,,,
3,_roll_z_0_1_pitch_y_0_1_pitch_y_0_5_roll_y_0_7,4,1.0140511989593506,False,,,,,,,,
4,_roll_z_0_1_pitch_y_0_1_pitch_y_0_5_roll_y_0_7,5,1.0045149326324463,False,,,,,,,,
5,_roll_z_0_1_pitch_y_0_1_pitch_y_0_5_roll_y_0_7,6,1.0063130855560303,False,,,,,,,,
6,_roll_z_0_1_pitch_y_0_1_pitch_y_0_5_roll_y_0_7,7,1.0127439498901367,False,,,,,,,,
7,_roll_z_0_1_pitch_y_0_1_pitch_y_0_5_roll_y_0_7,8,1.0199780464172363,False,,,,,,,,
8,_roll_z_0_1_pitch_y_0_1_pitch_y_0_5_roll_y_0_7,9,1.0222721099853516,False,,,,,,,,
9,_roll_z_0_1_pitch_y_0_1_pitch_y_0_5_roll_y_0_7,10,1.0334880352020264,False,,,,,,,,
0,_roll_z_0_1_pitch_y_0_1_pitch_y_0_7_pris_y_0_5,1,1.032390832901001,False,,,,,,,,
1,_roll_z_0_1_pitch_y_0_1_pitch_y_0_7_pris_y_0_5,2,1.0224339962005615,False,,,,,,,,
2,_roll_z_0_1_pitch_y_0_1_pitch_y_0_7_pris_y_0_5,3,1.0337319374084473,False,,,,,,,,
3,_roll_z_0_1_pitch_y_0_1_pitch_y_0_7_pris_y_0_5,4,1.0106089115142822,False,,,,,,,,
4,_roll_z_0_1_pitch_y_0_1_pitch_y_0_7_pris_y_0_5,5,1.0104479789733887,False,,,,,,,,
5,_roll_z_0_1_pitch_y_0_1_pitch_y_0_7_pris_y_0_5,6,1.0316879749298096,False,,,,,,,,
6,_roll_z_0_1_pitch_y_0_1_pitch_y_0_7_pris_y_0_5,7,1.0166499614715576,False,,,,,,,,
7,_roll_z_0_1_pitch_y_0_1_pitch_y_0_7_pris_y_0_5,8,1.0300509929656982,False,,,,,,,,
8,_roll_z_0_1_pitch_y_0_1_pitch_y_0_7_pris_y_0_5,9,1.031883955001831,False,,,,,,,,
9,_roll_z_0_1_pitch_y_0_1_pitch_y_0_7_pris_y_0_5,10,1.023965835571289,False,,,,,,,,
0,_roll_z_0_1_pitch_y_0_1_pitch_z_0_7_pitch_y_0_5,1,1.0374059677124023,False,,,,,,,,
1,_roll_z_0_1_pitch_y_0_1_pitch_z_0_7_pitch_y_0_5,2,1.0121328830718994,False,,,,,,,,
2,_roll_z_0_1_pitch_y_0_1_pitch_z_0_7_pitch_y_0_5,3,1.0356218814849854,False,,,,,,,,
3,_roll_z_0_1_pitch_y_0_1_pitch_z_0_7_pitch_y_0_5,4,5.447852849960327,False,,,,,,,,
4,_roll_z_0_1_pitch_y_0_1_pitch_z_0_7_pitch_y_0_5,5,1.0260939598083496,False,,,,,,,,
5,_roll_z_0_1_pitch_y_0_1_pitch_z_0_7_pitch_y_0_5,6,10.571799039840698,False,,,,,,,,
6,_roll_z_0_1_pitch_y_0_1_pitch_z_0_7_pitch_y_0_5,7,2.5338549613952637,False,,,,,,,,
7,_roll_z_0_1_pitch_y_0_1_pitch_z_0_7_pitch_y_0_5,8,1.015578031539917,False,,,,,,,,
8,_roll_z_0_1_pitch_y_0_1_pitch_z_0_7_pitch_y_0_5,9,1.0174219608306885,False,,,,,,,,
9,_roll_z_0_1_pitch_y_0_1_pitch_z_0_7_pitch_y_0_5,10,8.258404016494751,False,,,,,,,,
0,_roll_z_0_1_pitch_y_0_1_pitch_x_0_7_roll_y_0_5,1,1.0280139446258545,False,,,,,,,,
1,_roll_z_0_1_pitch_y_0_1_pitch_x_0_7_roll_y_0_5,2,1.0235750675201416,False,,,,,,,,
2,_roll_z_0_1_pitch_y_0_1_pitch_x_0_7_roll_y_0_5,3,1.019514799118042,False,,,,,,,,
3,_roll_z_0_1_pitch_y_0_1_pitch_x_0_7_roll_y_0_5,4,1.0197439193725586,False,,,,,,,,
4,_roll_z_0_1_pitch_y_0_1_pitch_x_0_7_roll_y_0_5,5,1.0124931335449219,False,,,,,,,,
5,_roll_z_0_1_pitch_y_0_1_pitch_x_0_7_roll_y_0_5,6,1.0139760971069336,False,,,,,,,,
6,_roll_z_0_1_pitch_y_0_1_pitch_x_0_7_roll_y_0_5,7,1.038336992263794,False,,,,,,,,
7,_roll_z_0_1_pitch_y_0_1_pitch_x_0_7_roll_y_0_5,8,1.0244128704071045,False,,,,,,,,
8,_roll_z_0_1_pitch_y_0_1_pitch_x_0_7_roll_y_0_5,9,1.0402381420135498,False,,,,,,,,
9,_roll_z_0_1_pitch_y_0_1_pitch_x_0_7_roll_y_0_5,10,1.0289099216461182,False,,,,,,,,
0,_roll_z_0_1_pitch_y_0_1_pitch_y_0_5_roll_y_0_7,1,1.0473580360412598,False,,,,,,,,
1,_roll_z_0_1_pitch_y_0_1_pitch_y_0_5_roll_y_0_7,2,1.0146539211273193,False,,,,,,,,
2,_roll_z_0_1_pitch_y_0_1_pitch_y_0_5_roll_y_0_7,3,1.0098700523376465,False,,,,,,,,
3,_roll_z_0_1_pitch_y_0_1_pitch_y_0_5_roll_y_0_7,4,1.0331380367279053,False,,,,,,,,
4,_roll_z_0_1_pitch_y_0_1_pitch_y_0_5_roll_y_0_7,5,1.023271083831787,False,,,,,,,,
5,_roll_z_0_1_pitch_y_0_1_pitch_y_0_5_roll_y_0_7,6,1.017949104309082,False,,,,,,,,
6,_roll_z_0_1_pitch_y_0_1_pitch_y_0_5_roll_y_0_7,7,1.0157959461212158,False,,,,,,,,
7,_roll_z_0_1_pitch_y_0_1_pitch_y_0_5_roll_y_0_7,8,1.0382740497589111,False,,,,,,,,
8,_roll_z_0_1_pitch_y_0_1_pitch_y_0_5_roll_y_0_7,9,1.0148191452026367,False,,,,,,,,
9,_roll_z_0_1_pitch_y_0_1_pitch_y_0_5_roll_y_0_7,10,1.028635025024414,False,,,,,,,,
0,_roll_z_0_1_pitch_y_0_1_pitch_y_0_7_pris_y_0_5,1,1.0236530303955078,False,,,,,,,,
1,_roll_z_0_1_pitch_y_0_1_pitch_y_0_7_pris_y_0_5,2,1.030364990234375,False,,,,,,,,
2,_roll_z_0_1_pitch_y_0_1_pitch_y_0_7_pris_y_0_5,3,1.0047719478607178,False,,,,,,,,
3,_roll_z_0_1_pitch_y_0_1_pitch_y_0_7_pris_y_0_5,4,1.021651029586792,False,,,,,,,,
4,_roll_z_0_1_pitch_y_0_1_pitch_y_0_7_pris_y_0_5,5,1.031846046447754,False,,,,,,,,
5,_roll_z_0_1_pitch_y_0_1_pitch_y_0_7_pris_y_0_5,6,1.0146980285644531,False,,,,,,,,
6,_roll_z_0_1_pitch_y_0_1_pitch_y_0_7_pris_y_0_5,7,1.018833875656128,False,,,,,,,,
7,_roll_z_0_1_pitch_y_0_1_pitch_y_0_7_pris_y_0_5,8,1.028087854385376,False,,,,,,,,
8,_roll_z_0_1_pitch_y_0_1_pitch_y_0_7_pris_y_0_5,9,1.0385971069335938,False,,,,,,,,
9,_roll_z_0_1_pitch_y_0_1_pitch_y_0_7_pris_y_0_5,10,1.0093638896942139,False,,,,,,,,
0,_roll_z_0_1_pitch_y_0_1_pitch_z_0_7_pitch_y_0_5,1,1.0263938903808594,False,,,,,,,,
1,_roll_z_0_1_pitch_y_0_1_pitch_z_0_7_pitch_y_0_5,2,1.031141996383667,False,,,,,,,,
2,_roll_z_0_1_pitch_y_0_1_pitch_z_0_7_pitch_y_0_5,3,1.0291500091552734,False,,,,,,,,
3,_roll_z_0_1_pitch_y_0_1_pitch_z_0_7_pitch_y_0_5,4,6.145754098892212,False,,,,,,,,
4,_roll_z_0_1_pitch_y_0_1_pitch_z_0_7_pitch_y_0_5,5,1.0403449535369873,False,,,,,,,,
5,_roll_z_0_1_pitch_y_0_1_pitch_z_0_7_pitch_y_0_5,6,2.3443100452423096,False,,,,,,,,
6,_roll_z_0_1_pitch_y_0_1_pitch_z_0_7_pitch_y_0_5,7,2.4352200031280518,False,,,,,,,,
7,_roll_z_0_1_pitch_y_0_1_pitch_z_0_7_pitch_y_0_5,8,1.031693935394287,False,,,,,,,,
8,_roll_z_0_1_pitch_y_0_1_pitch_z_0_7_pitch_y_0_5,9,1.0232388973236084,False,,,,,,,,
9,_roll_z_0_1_pitch_y_0_1_pitch_z_0_7_pitch_y_0_5,10,7.759618043899536,False,,,,,,,,
0,_roll_z_0_1_pitch_y_0_1_pitch_z_0_7_roll_y_0_5,1,1.0112171173095703,False,,,,,,,,
1,_roll_z_0_1_pitch_y_0_1_pitch_z_0_7_roll_y_0_5,2,1.0291290283203125,False,,,,,,,,
2,_roll_z_0_1_pitch_y_0_1_pitch_z_0_7_roll_y_0_5,3,1.0250000953674316,False,,,,,,,,
3,_roll_z_0_1_pitch_y_0_1_pitch_z_0_7_roll_y_0_5,4,1.030674934387207,False,,,,,,,,
4,_roll_z_0_1_pitch_y_0_1_pitch_z_0_7_roll_y_0_5,5,1.017225980758667,False,,,,,,,,
5,_roll_z_0_1_pitch_y_0_1_pitch_z_0_7_roll_y_0_5,6,1.0130319595336914,False,,,,,,,,
6,_roll_z_0_1_pitch_y_0_1_pitch_z_0_7_roll_y_0_5,7,1.022373914718628,False,,,,,,,,
7,_roll_z_0_1_pitch_y_0_1_pitch_z_0_7_roll_y_0_5,8,1.0234570503234863,False,,,,,,,,
8,_roll_z_0_1_pitch_y_0_1_pitch_z_0_7_roll_y_0_5,9,1.0070159435272217,False,,,,,,,,
9,_roll_z_0_1_pitch_y_0_1_pitch_z_0_7_roll_y_0_5,10,1.0137600898742676,False,,,,,,,,
0,_roll_z_0_1_pitch_y_0_1_pris_y_0_7_pitch_z_0_5,1,1.0378201007843018,False,,,,,,,,
1,_roll_z_0_1_pitch_y_0_1_pris_y_0_7_pitch_z_0_5,2,1.015887975692749,False,,,,,,,,
2,_roll_z_0_1_pitch_y_0_1_pris_y_0_7_pitch_z_0_5,3,1.02730393409729,False,,,,,,,,
3,_roll_z_0_1_pitch_y_0_1_pris_y_0_7_pitch_z_0_5,4,1.0205059051513672,False,,,,,,,,
4,_roll_z_0_1_pitch_y_0_1_pris_y_0_7_pitch_z_0_5,5,1.0322630405426025,False,,,,,,,,
5,_roll_z_0_1_pitch_y_0_1_pris_y_0_7_pitch_z_0_5,6,4.43661904335022,True,0.094,"[[ 0.00000000e+00  7.10130031e-02  9.40536536e-03  9.99731857e-01
   1.18095635e-02]
 [ 1.00000000e+00  8.81413003e-01 -4.06060047e-01  2.31562880e-02
  -5.09857059e-01]
 [ 0.00000000e+00  0.00000000e+00 -9.14042148e-02 -3.63137667e-12
   2.51277059e-03]
 [ 0.00000000e+00  0.00000000e+00  9.99731857e-01  0.00000000e+00
   9.99731857e-01]
 [ 0.00000000e+00  0.00000000e+00  2.31562880e-02  0.00000000e+00
   2.31562880e-02]
 [ 0.00000000e+00  1.00000000e+00 -2.67202153e-18  0.00000000e+00
   0.00000000e+00]]",[ 0.09386875 -1.54763797  2.40625768  0.05053226 -2.4111847   1.54003564],0,[0.096 0.03  0.073 0.092 0.074],0.092,0.239,0.36500000000000005
6,_roll_z_0_1_pitch_y_0_1_pris_y_0_7_pitch_z_0_5,7,2.33764910697937,True,0.098,"[[ 0.00000000e+00  6.43231353e-01 -2.70077548e-01  7.93114396e-01
  -3.10610884e-01]
 [ 1.00000000e+00  6.43916694e-01 -3.51686081e-01 -6.09072701e-01
  -4.04467256e-01]
 [ 0.00000000e+00  0.00000000e+00 -1.17963966e-01 -2.32765196e-12
   5.20744355e-03]
 [ 0.00000000e+00  0.00000000e+00  7.93114396e-01  0.00000000e+00
   7.93114396e-01]
 [ 0.00000000e+00  0.00000000e+00 -6.09072701e-01  0.00000000e+00
  -6.09072701e-01]
 [ 0.00000000e+00  1.00000000e+00  0.00000000e+00  0.00000000e+00
   4.68375339e-16]]",[ 0.65716471 -2.2256872   2.06616024  0.07347426 -2.07637109  2.21782675],0,[0.002 0.063 0.054 0.078 0.055],0.078,0.187,0.252
7,_roll_z_0_1_pitch_y_0_1_pris_y_0_7_pitch_z_0_5,8,2.5364670753479004,True,0.137,"[[ 0.00000000e+00  3.43428737e-01 -1.09125959e-01  9.76683029e-01
  -1.09487527e-01]
 [ 1.00000000e+00  8.94093295e-01 -4.96451843e-01 -2.14686427e-01
  -4.98096739e-01]
 [ 0.00000000e+00  0.00000000e+00 -1.43471324e-01 -5.88418203e-14
  -3.48145432e-03]
 [ 0.00000000e+00  0.00000000e+00  9.76683029e-01  0.00000000e+00
   9.76683029e-01]
 [ 0.00000000e+00  0.00000000e+00 -2.14686427e-01  0.00000000e+00
  -2.14686427e-01]
 [ 0.00000000e+00  1.00000000e+00  0.00000000e+00  0.00000000e+00
  -2.05456312e-16]]",[ 0.30691723 -1.78716709  1.58282637  0.11797524 -1.57599993  1.78555664],0,[0.044 0.04  0.032 0.055 0.031],0.055,0.118,0.20199999999999999
8,_roll_z_0_1_pitch_y_0_1_pris_y_0_7_pitch_z_0_5,9,2.5195770263671875,True,0.12,"[[ 0.00000000e+00  4.16752808e-01 -1.65136412e-01  9.57412424e-01
  -1.47247391e-01]
 [ 1.00000000e+00  9.55779864e-01 -5.47594743e-01 -2.88723831e-01
  -4.88274492e-01]
 [ 0.00000000e+00  0.00000000e+00 -1.23047892e-01  2.16709983e-12
   2.49529041e-03]
 [ 0.00000000e+00  0.00000000e+00  9.57412424e-01  0.00000000e+00
   9.57412424e-01]
 [ 0.00000000e+00  0.00000000e+00 -2.88723831e-01  0.00000000e+00
  -2.88723831e-01]
 [ 0.00000000e+00  1.00000000e+00  0.00000000e+00  0.00000000e+00
   0.00000000e+00]]",[ 0.42932222 -1.86368996  1.11234063  0.20640198 -1.11723338  1.8724888 ],0,[0.023 0.044 0.016 0.021 0.016],0.021,0.053000000000000005,0.12000000000000001
9,_roll_z_0_1_pitch_y_0_1_pris_y_0_7_pitch_z_0_5,10,1.936048984527588,True,0.081,"[[ 0.00000000e+00  7.71669228e-01 -4.29671310e-01  6.75404311e-01
  -3.76092834e-01]
 [ 1.00000000e+00  5.40741187e-01 -3.93521981e-01 -7.37447636e-01
  -3.44451197e-01]
 [ 0.00000000e+00  0.00000000e+00 -1.22420413e-01  2.54113397e-12
  -2.74834060e-03]
 [ 0.00000000e+00  0.00000000e+00  6.75404311e-01  0.00000000e+00
   6.75404311e-01]
 [ 0.00000000e+00  0.00000000e+00 -7.37447636e-01  0.00000000e+00
  -7.37447636e-01]
 [ 0.00000000e+00  1.00000000e+00  0.00000000e+00  0.00000000e+00
  -1.11022302e-16]]",[ 0.79362406 -2.40007983  1.02516633  0.10528458 -1.0197774   2.39284825],0,[0.    0.073 0.013 0.061 0.013],0.061,0.087,0.16
